{
  "aggregate": {
    "faithfulness": 0.8333333333333333,
    "answer_relevancy": 0.718922466446055,
    "context_precision": 0.9249999999437499,
    "context_recall": 0.925
  },
  "num_questions": 20,
  "failures": []
}